Workbook
Name Excel_BuiltIn_Print_Area: 'Front Page'!$A$1:$BL$114
Name Excel_BuiltIn_Print_Area: 'Personal Info'!$A$1:$BL$95

Sheet Front Page
A1: How to use this sheet! READ. EVERY. PAGE. FIRST. Much of this is automated; if you read the pages first, you should have an easier time of not cocking this up. Gray Cells contain formula which will automatically reference the necessary areas, so, DO NOT TOUCH THEM. Make sure to use a ' before anything with a mathmatical symbol infront of it, + - / *, otherwise it will think you're trying to do maths and will barf with text. Red Cells are a head's up.
B3: CHARACTER: | I3: Aranaea | AI3: PLAYER:
B6: BACKGROUND: | I6: Outer Colonial
AI7: Eclipse | AP7: CHARACTER SHEET
B9: FACTION: | I9: Terran | AI9: Phase
AR11: APTITUDES:
B12: Species/Morph: | I12: ='Species & Traits'!I77 -> Arachnoid | BF12: 105 | BJ12: POINTS
AR13: COG | AU13: COO | AX13: INT | BA13: REF | BD13: SAV | BG13: SOM | BJ13: WILL | BM13: =sum(AR15:BL15) -> 110
B15: Gender Identity: | AK15: Base Aptitudes: | AR15: 20 | AU15: 20 | AX15: 20 | BA15: 15 | BD15: 5 | BG15: 20 | BJ15: 10
AK16: Racial Bonus: | AR16: ='Species & Traits'!AX83 | AU16: ='Species & Traits'!AZ83 -> 5 | AX16: ='Species & Traits'!BB83 | BA16: ='Species & Traits'!BD83 | BD16: ='Species & Traits'!BF83 | BG16: ='Species & Traits'!BH83 -> 10 | BJ16: ='Species & Traits'!BJ83
B18: Actual Age: | AK18: Total: | AR18: =AR15+AR16 -> 20 | AU18: =AU15+AU16 -> 25 | AX18: =AX15+AX16 -> 20 | BA18: =BA15+BA16 -> 15 | BD18: =BD15+BD16 -> 5 | BG18: =BG15+BG16 -> 30 | BJ18: =BJ15+BJ16 -> 10
AK19: Aptitude Max: | AP19: =sum('Species & Traits'!B92) -> 30 | BM19: =IF(BN19<BF12,0,BN19*10-BF12*10) -> 50 | BN19: =SUM(AR15:BL15) -> 110
B21: Current Moxie Points: | L21: 2 | P21: Permanent Moxie Points: | Z21: 2 | AS21: Psychic? | BB21: Vitals and Statistics:
AW23: WIL x2 | BC23: From Morph | BF23: (INT+REF)/5
B24: Character Points: | G24: 1000 | L24: Resolution Points: | Q24: 5 | V24: Available Points: | AA24: =G24+Q24-AE38 -> 5
AS25: MOX | AU25: TT | AW25: LUC | AY25: IR | BA25: WT | BC25: DUR | BE25: DR | BG25: INIT | BI25: SPD | BK25: DAM+
B27: Motivations: Pro = '+ Anti = - | I27: `+ Exploration | AS27: =L21 -> 2 | AU27: =IF(AW21="Novice",ROUNDDOWN((AW27/5)-1,0),IF(AW21="Practicing",ROUNDDOWN((AW27/5)-1,0),IF(AW21="Master",ROUNDDOWN((AW27/5)-1,0),ROUNDDOWN(AW27/5,0)))) -> 4 | AW27: =BJ18*2 -> 20 | AY27: =AW27*2 -> 40 | BA27: =ROUNDDOWN(BC27/5,0) -> 11 | BC27: ='Species & Traits'!F97 -> 55 | BE27: =IF('Species & Traits'!AP78="Monstrous",BC27*2,ROUND(BC27*1.5,0)) -> 83 | BG27: =sum(AX18+BA18)/5+'Species & Traits'!B97 -> 7 | BI27: ='Species & Traits'!I92+1 -> 1 | BK27: =ROUND(BG18/5,0) -> 6
AU29: LUC /5 | AY29: LUC x2 | BA29: DUR /5 | BD29: Normal: DUR x1.5 Synthetic: DUR x2.0 | BK29: SOM /5
AF31: Armor Notes: | AS31: Penalty Mitigators: | BA31: 3
BA33: Wounds | BC33: Trauma | BE33: DAMAGE & STRESS | BM33: =BJ36-BC31 -> 0 | BN33: =BD36-BA31 -> -3
J34: Nat: | L34: Under: | N34: Outer: | P34: Mod: | R34: Energy | U34: Nat: | W34: Under: | Y34: Outer: | AA34: Mod: | AC34: Kinetic | BM34: =IF(BM33<0,0,BM33) -> 0 | BN34: =IF(BN33<0,0,BN33) -> 0
B35: Armor(Worn): | J35: 14 | P35: 2 | R35: =SUM(P35+N35+L35+J35+J37) -> 16 | U35: 12 | AC35: =SUM(AA35+Y35+W35+U35+O37) -> 12 | BA35: DAMAGE | BD35: WOUNDS | BG35: STRESS | BJ35: TRAUMA
B37: Armor(Held): | M37: / | R37: Armor Penalty: | AB37: =ROUND(Ledger!AG12,0) -> 0 | AE37: =SUM('Species & Traits'!A12+Ledger!AG20) -> 79
AB38: =SUM(BM19+A45+A87+A88+A89+A90+A91+A92+AG47) -> 921 | AE38: =SUM(AB38+AE37) -> 1000 | BA38: Wound/Trauma Penalties: | BG38: =SUM(BM34+BN34)*-10 -> 0
J39: Energy | O39: Kinetic | Z39: Worn | AC39: Held
B40: Primary Weapon:
K42: WEAPON | T42: SKILL | AB42: DV: | AG42: AP: | AL42: Modes: | AS42: Short: | AX42: Medium: | BC42: Long: | BH42: Extreme:
A45: =SUM(A46:A48)*5 -> 5 | B45: Notes:
A46: =countif(AC49:AC86,"*") -> 0 | N46: 400 | Q46: RP Spent -> | U46: =sum(A90:A92) -> 0 | Y46: CP Spent -> | AC46: =sum(A87:A88) -> 511
A47: =countif(BI49:BI62,"*") -> 1 | B47: ACTIVE SKILLS | J47: ATTRIBUTE | M47: RZ POINTS | P47: SKILL POINTS | S47: Morph Bonus: | V47: TOTAL | Y47: OTHER BONUSES | AC47: SPECIALIZATION | AG47: =SUM((Z21-1)*15) -> 15 | AH47: ACTIVE SKILLS | AP47: ATTRIBUTE | AS47: RZ POINTS | AV47: SKILL POINTS | AY47: Morph Bonus: | BB47: TOTAL | BE47: OTHER BONUSES | BI47: SPECIALIZATION | BM47: =ROUND(Ledger!AG12,0) -> 0
A48: =countif(BI67:BI86,"*") -> 0
A49: =M49+P49+S49+Y49+V49 -> 5 | B49: Animal Handling | J49: SAV | V49: =IF(J49="COG",AR18,IF(J49="COO",AU18,IF(J49="INT",AX18,IF(J49="REF",BA18+BN65,IF(J49="SAV",BD18,IF(J49="SOM",BG18+BN65,IF(J49="WILL",BJ18,0))))))) -> 5 | W49: =IF(A49>60,A49-BM49,A49) -> 5 | AG49: =AS49+AV49+AY49+BE49+BB49 -> 15 | AH49: Pilot: (flight) | AP49: REF | BB49: =IF(AP49="COG",AR18,IF(AP49="COO",AU18,IF(AP49="INT",AX18,IF(AP49="REF",BA18+BN65,IF(AP49="SAV",BD18,IF(AP49="SOM",BG18+BN65,IF(AP49="WILL",BJ18,0))))))) -> 15 | BC49: =IF(AG49>60,AG49-BN49,AG49) -> 15 | BM49: =IF(A49>60,SUM((A49-60)/2),0) -> 0 | BN49: =IF(AG49>60,SUM((AG49-60)/2),0) -> 0
A50: =M50+P50+S50+Y50+V50 -> 30 | B50: Beam Weapons | J50: COO | V50: =IF(J50="COG",AR18,IF(J50="COO",AU18,IF(J50="INT",AX18,IF(J50="REF",BA18+BN65,IF(J50="SAV",BD18,IF(J50="SOM",BG18+BN65,IF(J50="WILL",BJ18,0))))))) -> 25 | W50: =IF(A50>60,A50-BM50,A50) -> 30 | Y50: 5 | AG50: =AS50+AV50+AY50+BE50+BB50 -> 15 | AH50: Pilot: (ground) | AP50: REF | BB50: =IF(AP50="COG",AR18,IF(AP50="COO",AU18,IF(AP50="INT",AX18,IF(AP50="REF",BA18+BN65,IF(AP50="SAV",BD18,IF(AP50="SOM",BG18+BN65,IF(AP50="WILL",BJ18,0))))))) -> 15 | BC50: =IF(AG50>60,AG50-BN50,AG50) -> 15 | BM50: =IF(A50>60,SUM((A50-60)/2),0) -> 0 | BN50: =IF(AG50>60,SUM((AG50-60)/2),0) -> 0
A51: =M51+P51+S51+Y51+V51 -> 50 | B51: Blades | J51: SOM | P51: 20 | V51: =IF(J51="COG",AR18,IF(J51="COO",AU18,IF(J51="INT",AX18,IF(J51="REF",BA18+BN65,IF(J51="SAV",BD18,IF(J51="SOM",BG18+BN65,IF(J51="WILL",BJ18,0))))))) -> 30 | W51: =IF(A51>60,A51-BM51,A51) -> 50 | AG51: =AS51+AV51+AY51+BE51+BB51 -> 35 | AH51: Programming | AP51: COG | AV51: 15 | BB51: =IF(AP51="COG",AR18,IF(AP51="COO",AU18,IF(AP51="INT",AX18,IF(AP51="REF",BA18+BN65,IF(AP51="SAV",BD18,IF(AP51="SOM",BG18+BN65,IF(AP51="WILL",BJ18,0))))))) -> 20 | BC51: =IF(AG51>60,AG51-BN51,AG51) -> 35 | BM51: =IF(A51>60,SUM((A51-60)/2),0) -> 0 | BN51: =IF(AG51>60,SUM((AG51-60)/2),0) -> 0
A52: =M52+P52+S52+Y52+V52 -> 50 | B52: Climbing | J52: SOM | P52: 20 | V52: =IF(J52="COG",AR18,IF(J52="COO",AU18,IF(J52="INT",AX18,IF(J52="REF",BA18+BN65,IF(J52="SAV",BD18,IF(J52="SOM",BG18+BN65,IF(J52="WILL",BJ18,0))))))) -> 30 | W52: =IF(A52>60,A52-BM52,A52) -> 50 | AG52: =AS52+AV52+AY52+BE52+BB52 -> 15 | AH52: Protocol | AP52: SAV | AV52: 10 | BB52: =IF(AP52="COG",AR18,IF(AP52="COO",AU18,IF(AP52="INT",AX18,IF(AP52="REF",BA18+BN65,IF(AP52="SAV",BD18,IF(AP52="SOM",BG18+BN65,IF(AP52="WILL",BJ18,0))))))) -> 5 | BC52: =IF(AG52>60,AG52-BN52,AG52) -> 15 | BM52: =IF(A52>60,SUM((A52-60)/2),0) -> 0 | BN52: =IF(AG52>60,SUM((AG52-60)/2),0) -> 0
A53: =M53+P53+S53+Y53+V53 -> 30 | B53: Clubs | J53: SOM | V53: =IF(J53="COG",AR18,IF(J53="COO",AU18,IF(J53="INT",AX18,IF(J53="REF",BA18+BN65,IF(J53="SAV",BD18,IF(J53="SOM",BG18+BN65,IF(J53="WILL",BJ18,0))))))) -> 30 | W53: =IF(A53>60,A53-BM53,A53) -> 30 | AG53: =AS53+AV53+AY53+BE53+BB53 -> 10 | AH53: Psi Assault(PSI)* | AP53: WILL | BB53: =IF(AP53="COG",AR18,IF(AP53="COO",AU18,IF(AP53="INT",AX18,IF(AP53="REF",BA18+BN65,IF(AP53="SAV",BD18,IF(AP53="SOM",BG18+BN65,IF(AP53="WILL",BJ18,0))))))) -> 10 | BC53: =IF(AG53>60,AG53-BN53,AG53) -> 10 | BM53: =IF(A53>60,SUM((A53-60)/2),0) -> 0 | BN53: =IF(AG53>60,SUM((AG53-60)/2),0) -> 0
A54: =M54+P54+S54+Y54+V54 -> 10 | B54: Control(PSI)* | J54: WILL | V54: =IF(J54="COG",AR18,IF(J54="COO",AU18,IF(J54="INT",AX18,IF(J54="REF",BA18+BN65,IF(J54="SAV",BD18,IF(J54="SOM",BG18+BN65,IF(J54="WILL",BJ18,0))))))) -> 10 | W54: =IF(A54>60,A54-BM54,A54) -> 10 | AG54: =AS54+AV54+AY54+BE54+BB54 -> 20 | AH54: Psychosurgery | AP54: INT | BB54: =IF(AP54="COG",AR18,IF(AP54="COO",AU18,IF(AP54="INT",AX18,IF(AP54="REF",BA18+BN65,IF(AP54="SAV",BD18,IF(AP54="SOM",BG18+BN65,IF(AP54="WILL",BJ18,0))))))) -> 20 | BC54: =IF(AG54>60,AG54-BN54,AG54) -> 20 | BM54: =IF(A54>60,SUM((A54-60)/2),0) -> 0 | BN54: =IF(AG54>60,SUM((AG54-60)/2),0) -> 0
A55: =M55+P55+S55+Y55+V55 -> 15 | B55: Deception | J55: SAV | P55: 10 | V55: =IF(J55="COG",AR18,IF(S18="COO",AU18,IF(J55="INT",AX18,IF(J55="REF",BA18+BN65,IF(J55="SAV",BD18,IF(J55="SOM",BG18+BN65,IF(J55="WILL",BJ18,0))))))) -> 5 | W55: =IF(A55>60,A55-BM55,A55) -> 15 | AG55: =AS55+AV55+AY55+BE55+BB55 -> 40 | AH55: Research | AP55: COG | AV55: 20 | BB55: =IF(AP55="COG",AR18,IF(AP55="COO",AU18,IF(AP55="INT",AX18,IF(AP55="REF",BA18+BN65,IF(AP55="SAV",BD18,IF(AP55="SOM",BG18+BN65,IF(AP55="WILL",BJ18,0))))))) -> 20 | BC55: =IF(AG55>60,AG55-BN55,AG55) -> 40 | BM55: =IF(A55>60,SUM((A55-60)/2),0) -> 0 | BN55: =IF(AG55>60,SUM((AG55-60)/2),0) -> 0
A56: =M56+P56+S56+Y56+V56 -> 50 | B56: Demolitions | J56: COG | P56: 30 | V56: =IF(J56="COG",AR18,IF(J56="COO",AU18,IF(J56="INT",AX18,IF(J56="REF",BA18+BN65,IF(J56="SAV",BD18,IF(J56="SOM",BG18+BN65,IF(J56="WILL",BJ18,0))))))) -> 20 | W56: =IF(A56>60,A56-BM56,A56) -> 50 | AG56: =AS56+AV56+AY56+BE56+BB56 -> 60 | AH56: Scrounging | AP56: INT | AV56: 30 | BB56: =IF(AP56="COG",AR18,IF(AP56="COO",AU18,IF(AP56="INT",AX18,IF(AP56="REF",BA18+BN65,IF(AP56="SAV",BD18,IF(AP56="SOM",BG18+BN65,IF(AP56="WILL",BJ18,0))))))) -> 20 | BC56: =IF(AG56>60,AG56-BN56,AG56) -> 60 | BE56: 10 | BI56: ruins | BM56: =IF(A56>60,SUM((A56-60)/2),0) -> 0 | BN56: =IF(AG56>60,SUM((AG56-60)/2),0) -> 0
A57: =M57+P57+S57+Y57+V57 -> 25 | B57: Disguise | J57: INT | P57: 5 | V57: =IF(J57="COG",AR18,IF(J57="COO",AU18,IF(J57="INT",AX18,IF(J57="REF",BA18+BN65,IF(J57="SAV",BD18,IF(J57="SOM",BG18+BN65,IF(J57="WILL",BJ18,0))))))) -> 20 | W57: =IF(A57>60,A57-BM57,A57) -> 25 | AG57: =AS57+AV57+AY57+BE57+BB57 -> 25 | AH57: Seeker Weapons | AP57: COO | BB57: =IF(AP57="COG",AR18,IF(AP57="COO",AU18,IF(AP57="INT",AX18,IF(AP57="REF",BA18+BN65,IF(AP57="SAV",BD18,IF(AP57="SOM",BG18+BN65,IF(AP57="WILL",BJ18,0))))))) -> 25 | BC57: =IF(AG57>60,AG57-BN57,AG57) -> 25 | BM57: =IF(A57>60,SUM((A57-60)/2),0) -> 0 | BN57: =IF(AG57>60,SUM((AG57-60)/2),0) -> 0
A58: =M58+P58+S58+Y58+V58 -> 30 | B58: Exotic Melee: | J58: SOM | V58: =IF(J58="COG",AR18,IF(J58="COO",AU18,IF(J58="INT",AX18,IF(J58="REF",BA18+BN65,IF(J58="SAV",BD18,IF(J58="SOM",BG18+BN65,IF(J58="WILL",BJ18,0))))))) -> 30 | W58: =IF(A58>60,A58-BM58,A58) -> 30 | AG58: =AS58+AV58+AY58+BE58+BB58 -> 10 | AH58: Sense(PSI)* | AP58: WILL | BB58: =IF(AP58="COG",AR18,IF(AP58="COO",AU18,IF(AP58="INT",AX18,IF(AP58="REF",BA18+BN65,IF(AP58="SAV",BD18,IF(AP58="SOM",BG18+BN65,IF(AP58="WILL",BJ18,0))))))) -> 10 | BC58: =IF(AG58>60,AG58-BN58,AG58) -> 10 | BM58: =IF(A58>60,SUM((A58-60)/2),0) -> 0 | BN58: =IF(AG58>60,SUM((AG58-60)/2),0) -> 0
A59: =M59+P59+S59+Y59+V59 -> 30 | B59: Exotic Melee: | J59: SOM | V59: =IF(J59="COG",AR18,IF(J59="COO",AU18,IF(J59="INT",AX18,IF(J59="REF",BA18+BN65,IF(J59="SAV",BD18,IF(J59="SOM",BG18+BN65,IF(J59="WILL",BJ18,0))))))) -> 30 | W59: =IF(A59>60,A59-BM59,A59) -> 30 | AG59: =AS59+AV59+AY59+BE59+BB59 -> 30 | AH59: Spray Weapons | AP59: COO | AV59: 5 | BB59: =IF(AP59="COG",AR18,IF(AP59="COO",AU18,IF(AP59="INT",AX18,IF(AP59="REF",BA18+BN65,IF(AP59="SAV",BD18,IF(AP59="SOM",BG18+BN65,IF(AP59="WILL",BJ18,0))))))) -> 25 | BC59: =IF(AG59>60,AG59-BN59,AG59) -> 30 | BM59: =IF(A59>60,SUM((A59-60)/2),0) -> 0 | BN59: =IF(AG59>60,SUM((AG59-60)/2),0) -> 0
A60: =M60+P60+S60+Y60+V60 -> 25 | B60: Exotic Ranged: | J60: COO | V60: =IF(J60="COG",AR18,IF(J60="COO",AU18,IF(J60="INT",AX18,IF(J60="REF",BA18+BN65,IF(J60="SAV",BD18,IF(J60="SOM",BG18+BN65,IF(J60="WILL",BJ18,0))))))) -> 25 | W60: =IF(A60>60,A60-BM60,A60) -> 25 | AG60: =AS60+AV60+AY60+BE60+BB60 -> 30 | AH60: Swimming | AP60: SOM | BB60: =IF(AP60="COG",AR18,IF(AP60="COO",AU18,IF(AP60="INT",AX18,IF(AP60="REF",BA18+BN65,IF(AP60="SAV",BD18,IF(AP60="SOM",BG18+BN65,IF(AP60="WILL",BJ18,0))))))) -> 30 | BC60: =IF(AG60>60,AG60-BN60,AG60) -> 30 | BM60: =IF(A60>60,SUM((A60-60)/2),0) -> 0 | BN60: =IF(AG60>60,SUM((AG60-60)/2),0) -> 0
A61: =M61+P61+S61+Y61+V61 -> 25 | B61: Exotic Ranged: | J61: COO | V61: =IF(J61="COG",AR18,IF(J61="COO",AU18,IF(J61="INT",AX18,IF(J61="REF",BA18+BN65,IF(J61="SAV",BD18,IF(J61="SOM",BG18+BN65,IF(J61="WILL",BJ18,0))))))) -> 25 | W61: =IF(A61>60,A61-BM61,A61) -> 25 | AG61: =AS61+AV61+AY61+BE61+BB61 -> 40 | AH61: Throwing | AP61: SOM | AV61: 10 | BB61: =IF(AP61="COG",AR18,IF(AP61="COO",AU18,IF(AP61="INT",AX18,IF(AP61="REF",BA18+BN65,IF(AP61="SAV",BD18,IF(AP61="SOM",BG18+BN65,IF(AP61="WILL",BJ18,0))))))) -> 30 | BC61: =IF(AG61>60,AG61-BN61,AG61) -> 40 | BM61: =IF(A61>60,SUM((A61-60)/2),0) -> 0 | BN61: =IF(AG61>60,SUM((AG61-60)/2),0) -> 0
A62: =M62+P62+S62+Y62+V62 -> 45 | B62: Flight | J62: COO | P62: 20 | V62: =IF(J62="COG",AR18,IF(J62="COO",AU18,IF(J62="INT",AX18,IF(J62="REF",BA18+BN65,IF(J62="SAV",BD18,IF(J62="SOM",BG18+BN65,IF(J62="WILL",BJ18,0))))))) -> 25 | W62: =IF(A62>60,A62-BM62,A62) -> 45 | AG62: =AS62+AV62+AY62+BE62+BB62 -> 50 | AH62: Unarmed Combat | AP62: SOM | AV62: 20 | BB62: =IF(AP62="COG",AR18,IF(AP62="COO",AU18,IF(AP62="INT",AX18,IF(AP62="REF",BA18+BN65,IF(AP62="SAV",BD18,IF(AP62="SOM",BG18+BN65,IF(AP62="WILL",BJ18,0))))))) -> 30 | BC62: =IF(AG62>60,AG62-BN62,AG62) -> 50 | BM62: =IF(A62>60,SUM((A62-60)/2),0) -> 0 | BN62: =IF(AG62>60,SUM((AG62-60)/2),0) -> 0
A63: =M63+P63+S63+Y63+V63 -> 45 | B63: Fray | J63: REF | P63: 30 | V63: =IF(J63="COG",AR18,IF(J63="COO",AU18,IF(J63="INT",AX18,IF(J63="REF",BA18+BN65,IF(J63="SAV",BD18,IF(J63="SOM",BG18+BN65,IF(J63="WILL",BJ18,0))))))) -> 15 | W63: =IF(A63>60,A63-BM63,A63) -> 45 | AP63: * = no defaulting | BM63: =IF(A63>60,SUM((A63-60)/2),0) -> 0 | BN63: =SUM(Z37+AB37+AC37) -> 0
A64: =M64+P64+S64+Y64+V64 -> 25 | B64: Free Fall | J64: REF | P64: 10 | V64: =IF(J64="COG",AR18,IF(J64="COO",AU18,IF(J64="INT",AX18,IF(J64="REF",BA18+BN65,IF(J64="SAV",BD18,IF(J64="SOM",BG18+BN65,IF(J64="WILL",BJ18,0))))))) -> 15 | W64: =IF(A64>60,A64-BM64,A64) -> 25 | AH64: CP Spent -> | AL64: =A89 -> 340 | AP64: 300 | BM64: =IF(A64>60,SUM((A64-60)/2),0) -> 0 | BN64: =AY79+BB79+70 -> 90
A65: =M65+P65+S65+Y65+V65 -> 76 | B65: Freerunning | J65: SOM | P65: 26 | V65: =IF(J65="COG",AR18,IF(J65="COO",AU18,IF(J65="INT",AX18,IF(J65="REF",BA18+BN65,IF(J65="SAV",BD18,IF(J65="SOM",BG18+BN65,IF(J65="WILL",BJ18,0))))))) -> 30 | W65: =IF(A65>60,A65-BM65,A65) -> 68 | Y65: 20 | AH65: KNOWLEDGE SKILLS | AP65: ATTRIBUTE | AS65: RZ POINTS | AV65: SKILL POINTS | AY65: Morph Bonus: | BB65: TOTAL | BE65: OTHER BONUSES | BI65: SPECIALIZATION | BM65: =IF(A65>60,SUM((A65-60)/2),0) -> 8 | BN65: =IF(BN63>0,BN63*-1,BN63) -> 0
A66: =M66+P66+S66+Y66+V66 -> 30 | B66: Gunnery | J66: INT | P66: 10 | V66: =IF(J66="COG",AR18,IF(J66="COO",AU18,IF(J66="INT",AX18,IF(J66="REF",BA18+BN65,IF(J66="SAV",BD18,IF(J66="SOM",BG18+BN65,IF(J66="WILL",BJ18,0))))))) -> 20 | W66: =IF(A66>60,A66-BM66,A66) -> 30 | BM66: =IF(A66>60,SUM((A66-60)/2),0) -> 0 | BN66: =SUM(Z37:AE38) -> 2000
A67: =M67+P67+S67+Y67+V67 -> 40 | B67: Hardware: (Electronics) | J67: COO | P67: 15 | V67: =IF(J67="COG",AR18,IF(J67="COO",AU18,IF(J67="INT",AX18,IF(J67="REF",BA18+BN65,IF(J67="SAV",BD18,IF(J67="SOM",BG18+BN65,IF(J67="WILL",BJ18,0))))))) -> 25 | W67: =IF(A67>60,A67-BM67,A67) -> 40 | AG67: =AS67+AV67+AY67+BE67+BB67 -> 40 | AH67: Academics: (engineering) | AP67: COG | AV67: 20 | BB67: =IF(AP67="COG",AR18,IF(AP67="COO",AU18,IF(AP67="INT",AX18,IF(AP67="REF",BA18,IF(AP67="SAV",BD18,IF(AP67="SOM",BG18,IF(AP67="WILL",BJ18,0))))))) -> 20 | BC67: =IF(AG67>60,AG67-BN67,AG67) -> 40 | BM67: =IF(A67>60,SUM((A67-60)/2),0) -> 0 | BN67: =IF(AG67>60,SUM((AG67-60)/2),0) -> 0
A68: =M68+P68+S68+Y68+V68 -> 40 | B68: Hardware: (Robotics) | J68: COO | P68: 15 | V68: =IF(J68="COG",AR18,IF(J68="COO",AU18,IF(J68="INT",AX18,IF(J68="REF",BA18+BN65,IF(J68="SAV",BD18,IF(J68="SOM",BG18+BN65,IF(J68="WILL",BJ18,0))))))) -> 25 | W68: =IF(A68>60,A68-BM68,A68) -> 40 | AG68: =AS68+AV68+AY68+BE68+BB68 -> 50 | AH68: Academics: (architecture) | AP68: COG | AV68: 30 | BB68: =IF(AP68="COG",AR18,IF(AP68="COO",AU18,IF(AP68="INT",AX18,IF(AP68="REF",BA18,IF(AP68="SAV",BD18,IF(AP68="SOM",BG18,IF(AP68="WILL",BJ18,0))))))) -> 20 | BC68: =IF(AG68>60,AG68-BN68,AG68) -> 50 | BM68: =IF(A68>60,SUM((A68-60)/2),0) -> 0 | BN68: =IF(AG68>60,SUM((AG68-60)/2),0) -> 0
A69: =M69+P69+S69+Y69+V69 -> 5 | B69: Impersonation | J69: SAV | V69: =IF(J69="COG",AR18,IF(J69="COO",AU18,IF(J69="INT",AX18,IF(J69="REF",BA18+BN65,IF(J69="SAV",BD18,IF(J69="SOM",BG18+BN65,IF(J69="WILL",BJ18,0))))))) -> 5 | W69: =IF(A69>60,A69-BM69,A69) -> 5 | AG69: =AS69+AV69+AY69+BE69+BB69 -> 30 | AH69: Academics: (math) | AP69: COG | AV69: 10 | BB69: =IF(AP69="COG",AR18,IF(AP69="COO",AU18,IF(AP69="INT",AX18,IF(AP69="REF",BA18,IF(AP69="SAV",BD18,IF(AP69="SOM",BG18,IF(AP69="WILL",BJ18,0))))))) -> 20 | BC69: =IF(AG69>60,AG69-BN69,AG69) -> 30 | BM69: =IF(A69>60,SUM((A69-60)/2),0) -> 0 | BN69: =IF(AG69>60,SUM((AG69-60)/2),0) -> 0
A70: =M70+P70+S70+Y70+V70 -> 45 | B70: Infiltration | J70: COO | P70: 20 | V70: =IF(J70="COG",AR18,IF(J70="COO",AU18,IF(J70="INT",AX18,IF(J70="REF",BA18+BN65,IF(J70="SAV",BD18,IF(J70="SOM",BG18+BN65,IF(J70="WILL",BJ18,0))))))) -> 25 | W70: =IF(A70>60,A70-BM70,A70) -> 45 | AG70: =AS70+AV70+AY70+BE70+BB70 -> 30 | AH70: Academics: (physics) | AP70: COG | AV70: 10 | BB70: =IF(AP70="COG",AR18,IF(AP70="COO",AU18,IF(AP70="INT",AX18,IF(AP70="REF",BA18,IF(AP70="SAV",BD18,IF(AP70="SOM",BG18,IF(AP70="WILL",BJ18,0))))))) -> 20 | BC70: =IF(AG70>60,AG70-BN70,AG70) -> 30 | BM70: =IF(A70>60,SUM((A70-60)/2),0) -> 0 | BN70: =IF(AG70>60,SUM((AG70-60)/2),0) -> 0
A71: =M71+P71+S71+Y71+V71 -> 40 | B71: Infosec* | J71: COG | P71: 20 | V71: =IF(J71="COG",AR18,IF(J71="COO",AU18,IF(J71="INT",AX18,IF(J71="REF",BA18+BN65,IF(J71="SAV",BD18,IF(J71="SOM",BG18+BN65,IF(J71="WILL",BJ18,0))))))) -> 20 | W71: =IF(A71>60,A71-BM71,A71) -> 40 | AG71: =AS71+AV71+AY71+BE71+BB71 -> 40 | AH71: Art: (fireworks) | AP71: INT | AV71: 20 | BB71: =IF(AP71="COG",AR18,IF(AP71="COO",AU18,IF(AP71="INT",AX18,IF(AP71="REF",BA18,IF(AP71="SAV",BD18,IF(AP71="SOM",BG18,IF(AP71="WILL",BJ18,0))))))) -> 20 | BC71: =IF(AG71>60,AG71-BN71,AG71) -> 40 | BM71: =IF(A71>60,SUM((A71-60)/2),0) -> 0 | BN71: =IF(AG71>60,SUM((AG71-60)/2),0) -> 0
A72: =M72+P72+S72+Y72+V72 -> 30 | B72: Interfacing | J72: COG | P72: 10 | V72: =IF(J72="COG",AR18,IF(J72="COO",AU18,IF(J72="INT",AX18,IF(J72="REF",BA18+BN65,IF(J72="SAV",BD18,IF(J72="SOM",BG18+BN65,IF(J72="WILL",BJ18,0))))))) -> 20 | W72: =IF(A72>60,A72-BM72,A72) -> 30 | AG72: =AS72+AV72+AY72+BE72+BB72 -> 30 | AH72: Art: (sculpture) | AP72: INT | AV72: 10 | BB72: =IF(AP72="COG",AR18,IF(AP72="COO",AU18,IF(AP72="INT",AX18,IF(AP72="REF",BA18,IF(AP72="SAV",BD18,IF(AP72="SOM",BG18,IF(AP72="WILL",BJ18,0))))))) -> 20 | BC72: =IF(AG72>60,AG72-BN72,AG72) -> 30 | BM72: =IF(A72>60,SUM((A72-60)/2),0) -> 0 | BN72: =IF(AG72>60,SUM((AG72-60)/2),0) -> 0
A73: =M73+P73+S73+Y73+V73 -> 20 | B73: Intimidation | J73: WILL | P73: 10 | V73: =IF(J73="COG",AR18,IF(J73="COO",AU18,IF(J73="INT",AX18,IF(J73="REF",BA18+BN65,IF(J73="SAV",BD18,IF(J73="SOM",BG18+BN65,IF(J73="WILL",BJ18,0))))))) -> 10 | W73: =IF(A73>60,A73-BM73,A73) -> 20 | AG73: =AS73+AV73+AY73+BE73+BB73 -> 20 | AH73: Art: (FIELD) | AP73: INT | BB73: =IF(AP73="COG",AR18,IF(AP73="COO",AU18,IF(AP73="INT",AX18,IF(AP73="REF",BA18,IF(AP73="SAV",BD18,IF(AP73="SOM",BG18,IF(AP73="WILL",BJ18,0))))))) -> 20 | BC73: =IF(AG73>60,AG73-BN73,AG73) -> 20 | BM73: =IF(A73>60,SUM((A73-60)/2),0) -> 0 | BN73: =IF(AG73>60,SUM((AG73-60)/2),0) -> 0
A74: =M74+P74+S74+Y74+V74 -> 40 | B74: Investigation | J74: COG | P74: 20 | V74: =IF(J74="COG",AR18,IF(J74="COO",AU18,IF(J74="INT",AX18,IF(J74="REF",BA18+BN65,IF(J74="SAV",BD18,IF(J74="SOM",BG18+BN65,IF(J74="WILL",BJ18,0))))))) -> 20 | W74: =IF(A74>60,A74-BM74,A74) -> 40 | AG74: =AS74+AV74+AY74+BE74+BB74 -> 20 | AH74: Art: (FIELD) | AP74: INT | BB74: =IF(AP74="COG",AR18,IF(AP74="COO",AU18,IF(AP74="INT",AX18,IF(AP74="REF",BA18,IF(AP74="SAV",BD18,IF(AP74="SOM",BG18,IF(AP74="WILL",BJ18,0))))))) -> 20 | BC74: =IF(AG74>60,AG74-BN74,AG74) -> 20 | BM74: =IF(A74>60,SUM((A74-60)/2),0) -> 0 | BN74: =IF(AG74>60,SUM((AG74-60)/2),0) -> 0
A75: =M75+P75+S75+Y75+V75 -> 30 | B75: Kinesics | J75: INT | P75: 10 | V75: =IF(J75="COG",AR18,IF(J75="COO",AU18,IF(J75="INT",AX18,IF(J75="REF",BA18+BN65,IF(J75="SAV",BD18,IF(J75="SOM",BG18+BN65,IF(J75="WILL",BJ18,0))))))) -> 20 | W75: =IF(A75>60,A75-BM75,A75) -> 30 | AG75: =AS75+AV75+AY75+BE75+BB75 -> 40 | AH75: Interest: (DnD) | AP75: COG | AV75: 20 | BB75: =IF(AP75="COG",AR18,IF(AP75="COO",AU18,IF(AP75="INT",AX18,IF(AP75="REF",BA18,IF(AP75="SAV",BD18,IF(AP75="SOM",BG18,IF(AP75="WILL",BJ18,0))))))) -> 20 | BC75: =IF(AG75>60,AG75-BN75,AG75) -> 40 | BM75: =IF(A75>60,SUM((A75-60)/2),0) -> 0 | BN75: =IF(AG75>60,SUM((AG75-60)/2),0) -> 0
A76: =M76+P76+S76+Y76+V76 -> 45 | B76: Kinetic Weapons | J76: COO | P76: 20 | V76: =IF(J76="COG",AR18,IF(J76="COO",AU18,IF(J76="INT",AX18,IF(J76="REF",BA18+BN65,IF(J76="SAV",BD18,IF(J76="SOM",BG18+BN65,IF(J76="WILL",BJ18,0))))))) -> 25 | W76: =IF(A76>60,A76-BM76,A76) -> 45 | AG76: =AS76+AV76+AY76+BE76+BB76 -> 50 | AH76: Interest: (alien trinket collection) | AP76: COG | AV76: 30 | BB76: =IF(AP76="COG",AR18,IF(AP76="COO",AU18,IF(AP76="INT",AX18,IF(AP76="REF",BA18,IF(AP76="SAV",BD18,IF(AP76="SOM",BG18,IF(AP76="WILL",BJ18,0))))))) -> 20 | BC76: =IF(AG76>60,AG76-BN76,AG76) -> 50 | BM76: =IF(A76>60,SUM((A76-60)/2),0) -> 0 | BN76: =IF(AG76>60,SUM((AG76-60)/2),0) -> 0
A77: =M77+P77+S77+Y77+V77 -> 40 | B77: Medicine: (First Aid) | J77: COG | P77: 20 | V77: =IF(J77="COG",AR18,IF(J77="COO",AU18,IF(J77="INT",AX18,IF(J77="REF",BA18+BN65,IF(J77="SAV",BD18,IF(J77="SOM",BG18+BN65,IF(J77="WILL",BJ18,0))))))) -> 20 | W77: =IF(A77>60,A77-BM77,A77) -> 40 | AG77: =AS77+AV77+AY77+BE77+BB77 -> 20 | AH77: Interest: (FIELD) | AP77: COG | BB77: =IF(AP77="COG",AR18,IF(AP77="COO",AU18,IF(AP77="INT",AX18,IF(AP77="REF",BA18,IF(AP77="SAV",BD18,IF(AP77="SOM",BG18,IF(AP77="WILL",BJ18,0))))))) -> 20 | BC77: =IF(AG77>60,AG77-BN77,AG77) -> 20 | BM77: =IF(A77>60,SUM((A77-60)/2),0) -> 0 | BN77: =IF(AG77>60,SUM((AG77-60)/2),0) -> 0
A78: =M78+P78+S78+Y78+V78 -> 20 | B78: Medicine: (FIELD) | J78: COG | V78: =IF(J78="COG",AR18,IF(J78="COO",AU18,IF(J78="INT",AX18,IF(J78="REF",BA18+BN65,IF(J78="SAV",BD18,IF(J78="SOM",BG18+BN65,IF(J78="WILL",BJ18,0))))))) -> 20 | W78: =IF(A78>60,A78-BM78,A78) -> 20 | AG78: =AS78+AV78+AY78+BE78+BB78 -> 20 | AH78: Interest: (FIELD) | AP78: COG | BB78: =IF(AP78="COG",AR18,IF(AP78="COO",AU18,IF(AP78="INT",AX18,IF(AP78="REF",BA18,IF(AP78="SAV",BD18,IF(AP78="SOM",BG18,IF(AP78="WILL",BJ18,0))))))) -> 20 | BC78: =IF(AG78>60,AG78-BN78,AG78) -> 20 | BM78: =IF(A78>60,SUM((A78-60)/2),0) -> 0 | BN78: =IF(AG78>60,SUM((AG78-60)/2),0) -> 0
A79: =M79+P79+S79+Y79+V79 -> 20 | B79: Navigation | J79: INT | V79: =IF(J79="COG",AR18,IF(J79="COO",AU18,IF(J79="INT",AX18,IF(J79="REF",BA18+BN65,IF(J79="SAV",BD18,IF(J79="SOM",BG18+BN65,IF(J79="WILL",BJ18,0))))))) -> 20 | W79: =IF(A79>60,A79-BM79,A79) -> 20 | AG79: =SUM(70+AS79+AV79+AY79+BE79+BB79) -> 90 | AH79: Nat. Language: (English) | AP79: INT | BB79: =IF(AP79="COG",AR18,IF(AP79="COO",AU18,IF(AP79="INT",AX18,IF(AP79="REF",BA18,IF(AP79="SAV",BD18,IF(AP79="SOM",BG18,IF(AP79="WILL",BJ18,0))))))) -> 20 | BC79: =IF(AG79>60,AG79-BN79,AG79) -> 90 | BM79: =IF(A79>60,SUM((A79-60)/2),0) -> 0 | BN79: =IF(AG79>BN64,SUM(AG79-BN64)/2,0) -> 0
A80: =M80+P80+S80+Y80+V80 -> 15 | B80: Networking: (Archaeology) | J80: SAV | P80: 10 | V80: =IF(J80="COG",AR18,IF(J80="COO",AU18,IF(J80="INT",AX18,IF(J80="REF",BA18+BN65,IF(J80="SAV",BD18,IF(J80="SOM",BG18+BN65,IF(J80="WILL",BJ18,0))))))) -> 5 | W80: =IF(A80>60,A80-BM80,A80) -> 15 | AG80: =AS80+AV80+AY80+BE80+BB80 -> 50 | AH80: Language: (PICK) | AP80: INT | AV80: 30 | BB80: =IF(AP80="COG",AR18,IF(AP80="COO",AU18,IF(AP80="INT",AX18,IF(AP80="REF",BA18,IF(AP80="SAV",BD18,IF(AP80="SOM",BG18,IF(AP80="WILL",BJ18,0))))))) -> 20 | BC80: =IF(AG80>60,AG80-BN80,AG80) -> 50 | BM80: =IF(A80>60,SUM((A80-60)/2),0) -> 0 | BN80: =IF(AG80>60,SUM((AG80-60)/2),0) -> 0
A81: =M81+P81+S81+Y81+V81 -> 5 | B81: Networking: (FIELD) | J81: SAV | V81: =IF(J81="COG",AR18,IF(J81="COO",AU18,IF(J81="INT",AX18,IF(J81="REF",BA18+BN65,IF(J81="SAV",BD18,IF(J81="SOM",BG18+BN65,IF(J81="WILL",BJ18,0))))))) -> 5 | W81: =IF(A81>60,A81-BM81,A81) -> 5 | AG81: =AS81+AV81+AY81+BE81+BB81 -> 40 | AH81: Language: (Summerian) | AP81: INT | AV81: 20 | BB81: =IF(AP81="COG",AR18,IF(AP81="COO",AU18,IF(AP81="INT",AX18,IF(AP81="REF",BA18,IF(AP81="SAV",BD18,IF(AP81="SOM",BG18,IF(AP81="WILL",BJ18,0))))))) -> 20 | BC81: =IF(AG81>60,AG81-BN81,AG81) -> 40 | BM81: =IF(A81>60,SUM((A81-60)/2),0) -> 0 | BN81: =IF(AG81>60,SUM((AG81-60)/2),0) -> 0
A82: =M82+P82+S82+Y82+V82 -> 5 | B82: Networking: (FIELD) | J82: SAV | V82: =IF(J82="COG",AR18,IF(J82="COO",AU18,IF(J82="INT",AX18,IF(J82="REF",BA18+BN65,IF(J82="SAV",BD18,IF(J82="SOM",BG18+BN65,IF(J82="WILL",BJ18,0))))))) -> 5 | W82: =IF(A82>60,A82-BM82,A82) -> 5 | AG82: =AS82+AV82+AY82+BE82+BB82 -> 40 | AH82: Language: (Low-Kiirutani) | AP82: INT | AV82: 20 | BB82: =IF(AP82="COG",AR18,IF(AP82="COO",AU18,IF(AP82="INT",AX18,IF(AP82="REF",BA18,IF(AP82="SAV",BD18,IF(AP82="SOM",BG18,IF(AP82="WILL",BJ18,0))))))) -> 20 | BC82: =IF(AG82>60,AG82-BN82,AG82) -> 40 | BM82: =IF(A82>60,SUM((A82-60)/2),0) -> 0 | BN82: =IF(AG82>60,SUM((AG82-60)/2),0) -> 0
A83: =M83+P83+S83+Y83+V83 -> 5 | B83: Networking: (FIELD) | J83: SAV | V83: =IF(J83="COG",AR18,IF(J83="COO",AU18,IF(J83="INT",AX18,IF(J83="REF",BA18+BN65,IF(J83="SAV",BD18,IF(J83="SOM",BG18+BN65,IF(J83="WILL",BJ18,0))))))) -> 5 | W83: =IF(A83>60,A83-BM83,A83) -> 5 | AG83: =AS83+AV83+AY83+BE83+BB83 -> 60 | AH83: Archaeology | AP83: COG | AV83: 40 | BB83: =IF(AP83="COG",AR18,IF(AP83="COO",AU18,IF(AP83="INT",AX18,IF(AP83="REF",BA18,IF(AP83="SAV",BD18,IF(AP83="SOM",BG18,IF(AP83="WILL",BJ18,0))))))) -> 20 | BC83: =IF(AG83>60,AG83-BN83,AG83) -> 60 | BM83: =IF(A83>60,SUM((A83-60)/2),0) -> 0 | BN83: =IF(AG83>60,SUM((AG83-60)/2),0) -> 0
A84: =M84+P84+S84+Y84+V84 -> 40 | B84: Palming | J84: COO | P84: 15 | V84: =IF(J84="COG",AR18,IF(J84="COO",AU18,IF(J84="INT",AX18,IF(J84="REF",BA18+BN65,IF(J84="SAV",BD18,IF(J84="SOM",BG18+BN65,IF(J84="WILL",BJ18,0))))))) -> 25 | W84: =IF(A84>60,A84-BM84,A84) -> 40 | AG84: =AS84+AV84+AY84+BE84+BB84 -> 60 | AH84: Xeno-Archaeology | AP84: COG | AV84: 40 | BB84: =IF(AP84="COG",AR18,IF(AP84="COO",AU18,IF(AP84="INT",AX18,IF(AP84="REF",BA18,IF(AP84="SAV",BD18,IF(AP84="SOM",BG18,IF(AP84="WILL",BJ18,0))))))) -> 20 | BC84: =IF(AG84>60,AG84-BN84,AG84) -> 60 | BM84: =IF(A84>60,SUM((A84-60)/2),0) -> 0 | BN84: =IF(AG84>60,SUM((AG84-60)/2),0) -> 0
A85: =M85+P85+S85+Y85+V85 -> 60 | B85: Perception | J85: INT | P85: 20 | V85: =IF(J85="COG",AR18,IF(J85="COO",AU18,IF(J85="INT",AX18,IF(J85="REF",BA18+BN65,IF(J85="SAV",BD18,IF(J85="SOM",BG18+BN65,IF(J85="WILL",BJ18,0))))))) -> 20 | W85: =IF(A85>60,A85-BM85,A85) -> 60 | Y85: 20 | AG85: =AS85+AV85+AY85+BE85+BB85 -> 40 | AH85: Xeno-Linguistics | AP85: COG | AV85: 20 | BB85: =IF(AP85="COG",AR18,IF(AP85="COO",AU18,IF(AP85="INT",AX18,IF(AP85="REF",BA18,IF(AP85="SAV",BD18,IF(AP85="SOM",BG18,IF(AP85="WILL",BJ18,0))))))) -> 20 | BC85: =IF(AG85>60,AG85-BN85,AG85) -> 40 | BM85: =IF(A85>60,SUM((A85-60)/2),0) -> 0 | BN85: =IF(AG85>60,SUM((AG85-60)/2),0) -> 0
A86: =M86+P86+S86+Y86+V86 -> 20 | B86: Persuasion | J86: SAV | P86: 15 | V86: =IF(J86="COG",AR18,IF(J86="COO",AU18,IF(J86="INT",AX18,IF(J86="REF",BA18+BN65,IF(J86="SAV",BD18,IF(J86="SOM"+BN65,BG18,IF(J86="WILL",BJ18,0))))))) -> 5 | W86: =IF(A86>60,A86-BM86,A86) -> 20 | AG86: =AS86+AV86+AY86+BE86+BB86 -> 40 | AH86: Geology | AP86: COG | AV86: 20 | BB86: =IF(AP86="COG",AR18,IF(AP86="COO",AU18,IF(AP86="INT",AX18,IF(AP86="REF",BA18,IF(AP86="SAV",BD18,IF(AP86="SOM",BG18,IF(AP86="WILL",BJ18,0))))))) -> 20 | BC86: =IF(AG86>60,AG86-BN86,AG86) -> 40 | BM86: =IF(A86>60,SUM((A86-60)/2),0) -> 0 | BN86: =IF(AG86>60,SUM((AG86-60)/2),0) -> 0
A87: =SUM(P49:R86) -> 401
A88: =SUM(AV49:AX62) -> 110 | B88: Secondary Weapon: | K88: Cyberclaws | V88: Unarmed | AB88: 2d10+3+(som/10) | AG88: -2 | AJ88: SA
A89: =SUM(AV67:AX86) -> 340
A90: =SUM(M49:O86) -> 0 | K90: WEAPON | V90: SKILL | AB90: DV: | AG90: AP: | AL90: Modes: | AS90: Short: | AX90: Medium: | BC90: Long: | BH90: Extreme:
A91: =SUM(AS49:AU62) -> 0 | B91: Notes:
A92: =SUM(AS67:AU86) -> 0
A93: =SUM(A87:A89) -> 851
A94: =SUM(A90:A92) -> 0 | B94: Tertiary Weapon:
K96: WEAPON | T96: SKILL | AB96: DV: | AG96: AP: | AL96: Modes: | AS96: Short: | AX96: Medium: | BC96: Long: | BH96: Extreme:
B97: Notes:
B99: Other Items of Importance: (Eq, skills, etc)

Sheet Species & Traits
B2: CHARACTER: | I2: ='Front Page'!I3 -> Aranaea | AI2: PLAYER: | AP2: ='Front Page'!AP3
A4: Reputation: | F4: Rating: | I4: Details of who/where | Q4: Base Rep: | T4: 50 | V4: Rating: | Y4: Details of who/where | AI4: FANTASY | AP4: CHARACTER SHEET
A5: =SUM(F5+F8+F11+F14+V5+V8+V11+V14)-(T4+U16) -> -50 | B5: Terran Acclaim | R5: HSE Esteem
A6: =IF(A5<0,0,A5/10) -> 0 | AI6: PHASE
A7: =Y77 -> 45
A8: =SUM(AD17:AE50) -> 10 | B8: Street Cred | R8: Morningstar Acclaim | BI8: CP/RP Cost:
A9: =SUM(BK9:BL50) -> 0 | AI9: PSI Sleights:
A10: =SUM(BK54:BL71) -> 0
A11: =SUM(BG103:BL116) -> 0 | B11: Peoples' Acclaim | R11: StelComm Airtime
A12: =SUM(A6:A10) -> 55
B14: Research Points
Q16: Bonus Rep: | AB16: CP/RP Cost:
B17: Positive & Negative Traits, Extra Abilities:
B19: Tough, +5 durability, +1 wound | AD19: 10
B52: Miscellaneous: | BI52: CP/RP Cost:
B74: CHARACTER: | I74: =I2 -> Aranaea | AI74: FANTASY
AI76: PHASE
B77: Race/Morph: | I77: Arachnoid | V77: CP Cost: | Y77: 45
AI78: Type(Bio/Synth): | AP78: Synth
AX79: APTITUDE BONUSES
B80: Sex / Visible Gender:
AI81: High G? | AX81: COG | AZ81: COO | BB81: INT | BD81: REF | BF81: SAV | BH81: SOM | BJ81: WILL
B83: Apparent Age/ Actual Age: | AP83: Racial Bonuses: | AZ83: 5 | BH83: 10
AQ85: Note: Include Profession/Background/Other bonuses here
B86: Description:
AI87: Racial Biological Traits / Advantages & Disadvantages:
B90: APTITUDE MAX: | I90: SPD Mod from All Sources: | P90: MOVEMENT RATE & TYPES:
B92: 30 | P92: walker 4/24
P94: Thrust Vector 8/40
B95: Init+: | F95: DURABILITY:
P96: Wheeled 8/40
F97: 55
B101: Additional Biological Traits, Surgical, Alchemical and Exceptional Alterations: | BI101: Credit Cost:
B103: Access Jacks, Basic Mesh Inserts, Cortical Stack, Cyberbrain, Enhanced Vision, Extra Limbs (10), Lidar, Mnemonic Augmentation, Pneumatic Limbs, Radar

Sheet Personal Info
A1: Description:
A15: History:
A37: Journal In Brief:

Sheet Ledger
P1: Ledger Balance, Services Paid and Equipment Owned
A2: Starting Coffer: | F2: 5000 | L2: Credits | BA2: Trivial | BF2: 50
A3: Pay for Services: | J3: Credits Spent: | Q3: =AG14+AG15+AG16+'Species & Traits'!A11 -> 19850 | U3: Weight of Carried Goods: | AB3: Somatics Modifier of Worn/Used Equipment: | BA3: Low | BF3: 250
J4: CP Required: | Q4: =IF(AG19<0,SUM(AG19*-0.001),0) -> 0 | BA4: Moderate | BF4: 1000
A5: Liquidity: | F5: =SUM((Q5*1000)+(F2+F3))-Q3 -> 9150 | L5: CP Set Aside: | Q5: 24 | U5: =CONCATENATE(AG10+AG11," kg") -> 0 kg | BA5: High | BF5: 5000
BA6: Expensive | BF6: 20000
A7: Equipped/Carried Goods and Items: | AG7: Equipped/Carried Goods and Items:
A9: Item: | AA9: Weight(kg): | AD9: Cost: | AG9: =IF('Species & Traits'!AP81="Yes",SUM((AG18+AK3)*1),SUM((AG18+AK3)*0.5)) -> 15 | AH9: Item: | BH9: Weight(kg): | BK9: Cost:
A10: Light Combat Armor 14/12, Chameleon coating +30 visual stealth, fireproofing, +2/+0 +10 vs fire, self healing, shock proof +10 vs shocks, Thermal Dampening, +30 against thermal spotting | AC10: 2600 | AG10: =SUM(AA10:AB39) -> 0 | AH10: Access Jacks, Basic Mesh Inserts, Cortical Stack, Cyberbrain, Enhanced Vision, Extra Limbs (10), Lidar, Mnemonic Augmentation, Radar
AG11: =SUM(BH10:BI38) -> 0
A12: Fractal Digits, +20 coo for fine manipulation | AC12: 1000 | AG12: =IF(AG18<0.01,0,SUM(AG13*-1)) -> 0
AG13: =IF(AG10+AG11>0.001,SUM((AG10+AG11)/AG9),0) -> 0
A14: Hidden Compartment | AC14: 250 | AG14: =SUM(AC10:AF57) -> 11850 | AH14: Cyberclaws | BJ14: 250
AG15: =SUM(BJ10:BM57) -> 8000
A16: Magnetic System, +30 when holding onto something magnetic | AC16: 250 | AG16: =SUM(BI72:BM115) -> 0 | AH16: implanted nanotoxin (necrosis) | BJ16: 5000
A18: Pneumatic Limbs, +20 Freerunning, +1d10 melee damage | AC18: free | AG18: =SUM('Front Page'!BG18) -> 30
AG19: =SUM((Q5*1000)+F2)-Q3 -> 9150
A20: Structural Enhancement, +10 dur, +2 wound | AC20: 1000 | AG20: =SUM(Q5+Q4) -> 24 | AH20: Utilitool | BJ20: 250
A22: weapon mount, concealed, articulated | AC22: 1000 | AH22: Viewer | BJ22: 250
A24: 360 vision | AC24: 250 | AH24: Electronic rope (200 ft) | BJ24: 1000
A26: Chemichal Sniffer | AC26: 1000 | AH26: spindle and climber | BJ26: 1250
A28: Lidar | AC28: free
A30: Nanoscopic Vision | AC30: 1000
A32: Radar | AC32: Free
A34: Fiber Eye | AC34: 250
A36: Traction Pads | AC36: 250
A38: X-ray Emmitter | AC38: 250
A40: Direction sense, echolocation, enhanced hearing, enhanced smell | AC40: 1000
A42: Math Boost | AC42: 250
A44: eelware | AC44: 250
A46: laser/microwave link | AC46: 1000
A48: radio booster | AC48: 250
A70: Owned Goods/Properties and Services Procured: | AV70: Location: | BE70: Cost:

Sheet Combat Info
A1: Combat Modifiers (p. 193) | AA1: Firing Modes (p. 198) | BB1: Charging (Melee) (p. 197)
A2: General | Q2: Mod | AA2: Single Shot (SS) | AJ2: 1 shot | BB2: Charge | BF2: -10 running, +1d10DV melee.
A3: Using off-hand | Q3: -20 | AA3: Semi-Automatic (SA) | AJ3: 2 shots, 2 separate attacks | BB3: Receive | BF3: If delaying action, +20 attacking charging opponent.
A4: Wounded | Q4: -10/wound | AA4: Burst Fire (BF) | AJ4: 3 shots/burst, 2 bursts. Can hit 2 targets 1 meter apart. If 1 target, +1d10DV.
A5: Traumatized | Q5: -10/wound | BB5: Knockback/Knockdown (Melee) (p. 202)
A6: Superior position | Q6: +20 | AA6: Full Auto (FA) | AJ6: 10 shots, 1 attack. Can hit 3 targets each 1 meter apart. If 1 target, +1d10+10DV. | BB6: Knockback | BH6: Attack. 1 meter/MoS 10. Normal DV if critical.
A7: Touch-only attack | Q7: +20 | BB7: Knockdown | BH7: Attack. MoS 30+. Normal DV if critical.
A8: Called shot | Q8: -10
A9: Wielding 2-H weapon with one hand | Q9: -20 | AA9: Suppressive Fire (p. 204) | BB9: Subdual (Melee) (p. 204)
A10: Very small target (mouse or insect) | Q10: -30 | AA10: FA mode, 20 shots. Lasts until char's next action turn. 20 meter wide cone. Chars in open or moving out from cover of firing range get attacked by single shot. | BB10: Attack with melee skill MoS 30+. Choose to do DV if critical. Grappled may communicate or use mental skills/mesh. -30 physical actions. Free Opposed Unarmed Combat or SOM x3.
A11: Small target (child-sized) | Q11: -10
A12: Large target (car sized) | Q12: +10
A13: Very large target (side of a barn) | Q13: +30
A14: Visibility impaired (minor) | Q14: -10 | AA14: Attack Multiple Targets (p. 202) | BB14: Shock (biomoprhs/pods) (p. 204)
A15: Visibility impaired (major) | Q15: -20 | AA15: Melee | AE15: Declare up to 3 targets ea 1 meter apart. -20/target. | BB15: DUR (current) + E Armor Test. Fail = Fall and incapacitiated for 1 action turn/MoF (min 3). Afterward, -30/-20/-10 for 1 minute each. Success = half DV -30/-20/-10 for each action turn. If hit again, not cumulative, boost shock levels to max.
A16: Blind attack | Q16: -30 | AA16: Ranged | AE16: -20 2nd target for sa and bf if targets > 1 meter apart.
A17: Melee | Q17: Mod
A18: Reach advantage | Q18: +10 | AA18: Attack with Multiple Weapons (p. 206)
A19: Character charging | Q19: -10 | AA19: Melee | AE19: If same target, +1d10DV for each additional weapon (max 3d10). Treat as 1 attack.
A20: Receiving a charge | Q20: +20 | BB20: >>> MoS DAMAGE BONUS (p. 192) <<<
A21: Ranged | Q21: Mod | AA21: Ranged | AE21: Can fire all at 1 target. Add -20/weapon after 1st. | BB21: On successful hit (melee or ranged), deal extra damage if exceed MoS. | BR21: MoS 30+ | BW21: +5 DV
A22: Attacker using smartlink/laser sight | Q22: +10 | BR22: MoS 60+ | BW22: +10 DV
A23: Attacker behind cover | Q23: -10 | AA23: Called Shot (-10 mod, MoS 30+) (p. 197)
A24: Attacker running | Q24: -20 | AA24: Bypassing Armor | AI24: Ignore armor rating. | BB24: Full Defense (p. 198)
A25: Attacker in melee combat | Q25: -30 | AA25: Disarming | AI25: Half DV. Make SOM x3 -30 or drop weapon. | BB25: +30 against all attacks. May use Freerunning or Fray.
A26: Defender has minor cover | Q26: -10 | AA26: Specifying Target | AI26: GM decides.
A27: Defender has moderate cover | Q27: -20 | BB27: Physical Aptitude Tests (p. 175)
A28: Defender has major cover | Q28: -30 | AA28: Grenades/Seekers (p. 199) | BB28: Test | BP28: Roll
A29: Defender prone and far (10+ meters) | Q29: -10 | AA29: Airburst | AJ29: Explode when traveled distance. | BB29: Brute Strength | BP29: SOM x3
A30: Defender hidden | Q30: -60 | AA30: Impact | AJ30: Explode on impact. | BB30: Catching Thrown Object | BP30: COO x2 + REF
A31: Aimed shot (quick) | Q31: +10 | AA31: Signal | AJ31: Explode when signal received. | BB31: Escape Artist | BP31: COO + SOM
A32: Aimed shot (complex) | Q32: +30 | AA32: Timer | AJ32: Explode when timer runs out. 1 second delay = 1 action phase.
A33: Sweeping fire with beam weapon | Q33: +10 on second shot | BB33: Other Combat-Related Topics
A34: Multiple targets in same Action Phase | Q34: -20/additional target | AA34: Throw grenade back | AJ34: COO x2 + REF | BB34: Topic | BH34: Page | BM34: Topic | BV34: Page
A35: Indirect fire | Q35: -30 | AA35: Jump on grenade | AJ35: COO + REF + WIL or WIL x3 to fall on grenade. +1d10DV when explode. Reduce DV to others by armor +10. | BB35: Asphyxiation | BH35: p. 194 | BM35: Improvised Weapons | BV35: p. 202
A36: Point-blank range (2 meters or less) | Q36: +10 | BB36: Blind Attack | BH36: p. 195 | BM36: Indirect Fire | BV36: p. 195
A37: Short range | Q37: +0 | BB37: Demolitions | BH37: p. 197 | BM37: Objects/Structures | BV37: p. 202
A38: Medium range | Q38: -10 | AA38: Scatter (p. 204) | BB38: Falling | BH38: p. 197 | BM38: Surprise Attack | BV38: p. 204
A39: Long range | Q39: -20 | AA39: If miss with blast weapon, d10 to determine direction. Number determines distance in meters. MoF 30+ double, MoF 60+ triple. | BB39: Fire | BH39: p. 198 | BM39: Tactical Networks | BV39: p. 205
A40: Extreme range | Q40: -30 | BB40: Gravity | BH40: p. 198 | BM40: Weapon Range | BV40: p. 203
A42: Area Effect (p. 193) | AA42: Wound Effects (p. 207)
A43: Blast | G43: -2 DV/m away from center | AA43: General | AG43: -10 to all actions per wound.
A44: Uniform Blast | G44: -2 DV/m away from blast sphere | AA44: Knockdown | AG44: When receive wound, SOM x3 -mod or knocked down. Bots/vehicles avoid crash.
A45: Cone | G45: Short 1 target, +1d10DV; Medium 2 targets; Long/Extreme 3 targets -1d10DV. | AA45: Unconscious | AG45: When receive 2+ wounds at once, SOM x3 -mod or unconscious. Bots/vehicles automatically crash.
AA46: Bleeding | AG46: Durability exceeded, -1 DV/action turn until medical care or death.
A48: Beam Weapons (p. 194) | AA48: Trauma Effects (p. 209)
A49: Sweeping Fire | G49: Semi-auto: If 1st roll misses, +10 free aim on 2nd roll if attack same target. | AA49: General | AG49: -10 to all actions per trauma.
AA50: Disorientation | AG50: When receive trauma, WIL x3 -mod or stunned. Spend complex action to regain wits.
A51: Concentrated Fire | G51: Semi-auto: if 1st roll hits, can give up 2nd roll to increase DV to 1.5DV (RU) before DV roll. | AA51: Derangement | AG51: Anytime suffer trauma, temporary derangement. Can upgrade from minor>moderate>major.
AA52: Disorder | AG52: 4+ traumas, major derangement upgrades to disorder.

Sheet Other Info
A1: Moxie (p. 122) | U1: Stress Test (p. 214) | AT1: Movement (Earth's Gravity) (p. 190)
A2: Ignore mods for test. Spent before dice rolled. | U2: WIL x3. Fail = SV XP chart. Success = Hardening. | AT2: Type | BA2: Action | BE2: Meters/Action Turn | BM2: Notes
A3: Flip-flop a d100 roll result. 83 becomes 38. | AT3: Walk | BA3: Quick | BE3: 4
A4: Upgrade a success to critical success. | U4: Stress Values (p. 215) | AT4: Run | BA4: Quick | BE4: 20 | BM4: -10 all actions
A5: Downgrade critical failure, to regular failure. | U5: Situation | AO5: SV (RD) | AT5: Sprint | BA5: Complex | BE5: 5 | BM5: Freerunning (+1m/10 MoS, max 5)
A6: Go first for action phase, but after crits. | U6: Failing horribly in pursuit of motivational goal | AO6: 1d10/2 | AT6: Jump (Standing) | BA6: Complex | BE6: SOM/20 (RU) | BM6: Freerunning (+0.25m/10 MoS)
U7: Helplessness | AO7: 1d10/2 | AT7: Jump (Running) | BA7: Complex | BE7: SOM/5 (RU) | BM7: Freerunning (+1m/MoS)
A8: Networking Mods (p. 287) | U8: Betrayal by trusted friend | AO8: 1d10/2 | AT8: Jump (Vertical) | BA8: Complex | BE8: 1 | BM8: Freerunning (+0.25m/10 MoS)
A9: Situation | N9: Mod | U9: Extended isolation | AO9: 1d10/2 | AT9: Swim | BA9: Complex | BE9: 1
A10: Favor level exceeds rep level | N10: -10 per level | U10: Extreme violence (viewing) | AO10: 1d10/2 | AT10: Crawl | BA10: Complex | BE10: 1
A11: Rep level exceeds favor level | N11: +10 per level | U11: Extreme violence (committing) | AO11: 1d10
A12: Keeping quiet | N12: -variable | U12: Awareness that your death is imminent | AO12: 1d10 | AT12: What Your Muse Can Do For You (p. 245)
A13: Burning rep | N13: +rep burned | U13: Experiencing someone’s death via XP | AO13: 1d10 | AT13: Make Research Tests to find information for you.
A14: Paying extra | N14: +10 per level | U14: Losing loved one | AO14: 1d10/2 | AT14: Scan newsfeeds and mesh updates for keyword alerts.
U15: Watching loved one die | AO15: 1d10+2 | AT15: Monitor your mesh inserts/ecto/PAN and slaved devices for intrusion.
A16: Ectos (p. 246) | U16: Being responsible for death of loved one | AO16: 1d10+5 | AT16: Launch countermeasures against intruders.
A17: -10 when rushed (combat/pressure) 25% long for task actions. | U17: Encountering gruesome murder scene | AO17: 1d10 | AT17: Teleoperate and command robots.
U18: Torture (viewing) | AO18: 1d10+2 | AT18: Monitor your Rep score and alert you to drastic changes.
U19: Torture (moderate suffering) | AO19: 2d10+3 | AT19: Automatically provide feedback for other people’s Rep scores.
A20: Resleeving (p. 271) | U20: Torture (severe suffering) | AO20: 3d10+5 | AT20: Run audio input through an online, real-time language translation system.
A21: Test | G21: Roll | U21: Encountering aliens (non-sentient) | AO21: 1d10/2 | AT21: Put you in privacy mode and/or proactively stealth your wireless signal.
A22: Integration | G22: SOM * 3 + mods (see chart) | U22: Encountering aliens (sentient) | AO22: 1d10 | AT22: Falsify/fluctuate your mesh ID.
A23: Alienation | G23: INT * 3 + mods (see chart) | U23: Encountering hostile aliens | AO23: 1d10+3 | AT23: Track people for you.
A24: Continuity | G24: WIL * 3 (see stress chart) | U24: Encountering highly-advanced technology | AO24: 1d10/2 | AT24: Anticipate your needs and act accordingly, pre-empting your requests.
A25: Forks | G25: See page 273. | U25: Encountering Exsurgent-modified technology | AO25: 1d10/2
A26: Merging | G26: See page 275. | U26: Encountering Exsurgent-infected transhumans | AO26: 1d10 | AT26: Psychosurgery Modifiers (p. 232)
U27: Encountering Exsurgent life forms | AO27: 1d10+3 | AT27: Situation | BR27: Test Mod | BW27: SV Mod
A28: Other Important Topics | U28: Exsurgent virus infection | AO28: p. 366 | AT28: Improper Perparatory Diagnosis | BR28: -30 | BW28: +1
A29: Topic | P29: Page | U29: Witnessing psi-epsilon sleights | AO29: 1d10+2 | AT29: Safety Protocols Ignored | BR29: +20 | BW29: *2
A30: Acquiring Goods/Services | P30: p. 289 | AT30: Simulspace Time Acceleration | BR30: -20 | BW30: +2
A31: Complimentary Skills | P31: p. 173 | U31: Non-Physical Aptitude Tests (p. 175) | AT31: Subject is an AI, AGI, or Uplift | BR31: -20 | BW31: +1
A32: Derangements | P32: p. 210 | U32: Test | AI32: Roll
A33: Disorders | P33: p. 211 | U33: Composure and Resolve | AI33: WIL x3 | AT33: Psychosurgery Mechanics (p. 230)
A34: Game Rules Summary | P34: p. 127 | U34: Having An Idea | AI34: INT x3 or COG x3 | AT34: Success | BO34: Duration
A35: Hacking | P35: p. 393 | U35: Memorizing/Remembering | AI35: COG x3 | AT35: Psychosurgeon Succeeds/Patient Fails | BO35: Permanent
A36: Healing | P36: p. 208 | AT36: Psychosurgeon Succeeds Higher | BO36: Temporary: 1 week/MoS
A37: Hostile Environments | P37: p. 200 | AT37: Psychosurgeon Succeeds Lower/Fails | BO37: No effect
A38: Mental Healing/Psychotherapy | P38: p. 215
A39: Mesh Gear Quality | P39: p. 247
A40: Object/Synthmorph Repair | P40: p. 208
A41: Psi Mechanics | P41: p. 220
A43: Skill Categories
A44: Category | F44: Skills
A45: Combat | F45: Beam Weapon, Blades, Clubs, Exotic Melee Weapon, Exotic Ranged Weapon, Fray, Gunnery, Kinetic Weapon, Seeker Weapon, Spray Weapon, Thrown Weapon, Unarmed Combat
A46: Mental | F46: Control, Investigation, Navigation, Perception, Psi Assault, Scrounging, Sense
A47: Physical | F47: Climbing, Disguise, Flight, Free Fall, Freerunning, Infiltration, Palming, Swimming
A48: Psi | F48: Control, Psi Assault, Sense
A49: Social | F49: Animal Handling, Deception, Impersonation, Intimidation, Kinesics, Networking, Persuasion, Protocol
A50: Technical | F50: Demolition, Hardware, Infosec, Interfacing, Medicine, Programming, Psychosurgery, Research
A51: Vehicle | F51: Pilot

Sheet Credits
A1: Credits go out to; Rob Boyle and Transhuman Studios for Eclipse Phase and related texts Fiona Moore for laying the groundwork for this character sheet XB-88A for creating and developing The Sundered Galaxy setting Alerana Lasserin for contributions to TSG Engineer Raysh for contributions to TSG Ashes Darius for, well, she knows Shizuka K. for contributions to TSG A bunch of others for various and sundry contributions That fucking asshole that modified this shit-tier sheet from Fiona's initial contribution Revision History: Uhm, some time ago, Fiona Moore created the basic sheet. v. 1 Some time later, Zath modified the basic sheet to v. 1.2 or some shit, to include front-page rezpoint tabulations and so on, plus restructuring After that, the present version, effectively v. 2.0 is as it is seen now. Now includes Specialization autotabulation and automated Bio vs. Synth DUR tabulation. v.2.1 now includes autocalculation for Aptitude Costs taken from the Front Page, streamlined Moxie Costs and totals, automatic conversion of CP overages to RP costs, in addition to Idiot Lights for RP costs and Aptitude Points on the front page. Fantasy Phase effectively becomes Sheet Ver. 3; This features a greatly-condensed spreadsheet format, cutting down on the amount of tabbing. It also features something neat and never seen before in this line of sheets; On-the-fly adjustment of skills according to what you select for the attribute. This will eventually serve as an Eclipse Phase(1e) ver. 3.1 sheet basis, but for now it is operational for Fantasy PhaseFar Kingdoms purposes. You're welcome, people. Whelp, this is it. This is Eclipse Phase Sheet Ver. 3.0.
